{"proxies":{"net.iamyellow.tiws.TiwsModule":{"superPackageName":"org.appcelerator.kroll","superProxyBindingClassName":"org.appcelerator.kroll.KrollModuleBindingGen","proxyClassName":"TiwsModule","proxyAttrs":{"propertyAccessors":[],"fullAPIName":"Tiws","name":"Tiws","proxyClassName":"net.iamyellow.tiws.TiwsModule","isTopLevel":false,"id":"net.iamyellow.tiws"},"packageName":"net.iamyellow.tiws","sourceName":"net.iamyellow.tiws.TiwsModuleBindingGen","isTitaniumSdk":false,"superProxyClassName":"KrollModule","isModule":true,"genClassName":"TiwsModuleBindingGen"},"net.iamyellow.tiws.WSProxy":{"superPackageName":"org.appcelerator.kroll","methods":{"reconnect":{"runOnUiThread":false,"hasInvocation":false,"args":[{"converter":"org.appcelerator.kroll.KrollConverter","defaultValueProvider":"org.appcelerator.kroll.KrollConverter","name":"args","sourceName":"args","type":"java.lang.Object[]"}],"apiName":"reconnect","converter":"org.appcelerator.kroll.KrollConverter","defaultValueProvider":"org.appcelerator.kroll.KrollConverter","name":"__default_name__","returnType":"void"},"close":{"runOnUiThread":false,"hasInvocation":false,"args":[],"apiName":"close","converter":"org.appcelerator.kroll.KrollConverter","defaultValueProvider":"org.appcelerator.kroll.KrollConverter","name":"__default_name__","returnType":"void"},"send":{"runOnUiThread":false,"hasInvocation":false,"args":[{"converter":"org.appcelerator.kroll.KrollConverter","defaultValueProvider":"org.appcelerator.kroll.KrollConverter","name":"message","sourceName":"message","type":"java.lang.String"}],"apiName":"send","converter":"org.appcelerator.kroll.KrollConverter","defaultValueProvider":"org.appcelerator.kroll.KrollConverter","name":"__default_name__","returnType":"void"},"open":{"runOnUiThread":false,"hasInvocation":false,"args":[{"converter":"org.appcelerator.kroll.KrollConverter","defaultValueProvider":"org.appcelerator.kroll.KrollConverter","name":"args","sourceName":"args","type":"java.lang.Object[]"}],"apiName":"open","converter":"org.appcelerator.kroll.KrollConverter","defaultValueProvider":"org.appcelerator.kroll.KrollConverter","name":"__default_name__","returnType":"void"}},"superProxyBindingClassName":"org.appcelerator.kroll.KrollProxyBindingGen","proxyClassName":"WSProxy","proxyAttrs":{"propertyAccessors":[],"fullAPIName":"Tiws.WS","name":"WS","proxyClassName":"net.iamyellow.tiws.WSProxy","isTopLevel":false,"id":"net.iamyellow.tiws.WSProxy","creatableInModule":"net.iamyellow.tiws.TiwsModule","parentModule":"org.appcelerator.kroll.annotations.Kroll.DEFAULT"},"packageName":"net.iamyellow.tiws","sourceName":"net.iamyellow.tiws.WSProxyBindingGen","isTitaniumSdk":false,"superProxyClassName":"KrollProxy","isModule":false,"genClassName":"WSProxyBindingGen"}},"modules":{"net.iamyellow.tiws.TiwsModule":{"apiName":"Tiws","createProxies":[{"propertyAccessors":[],"fullAPIName":"Tiws.WS","name":"WS","proxyClassName":"net.iamyellow.tiws.WSProxy","isTopLevel":false,"id":"net.iamyellow.tiws.WSProxy","creatableInModule":"net.iamyellow.tiws.TiwsModule","parentModule":"org.appcelerator.kroll.annotations.Kroll.DEFAULT"}]}}}